[
  {
    "value": "original",
    "synonyms": [
      "original"
    ]
  },
  {
    "value": "spicy",
    "synonyms": [
      "spic"
    ]
  },
  {
    "value": "truffle",
    "synonyms": [
      "truffle"
    ]
  },
  {
    "value": "not4gma",
    "synonyms": [
      "not4gma"
    ]
  },
  {
    "value": "insane",
    "synonyms": [
      "insane"
    ]
  },
  {
    "value": "punjabi",
    "synonyms": [
      "punjabi"
    ]
  },
  {
    "value": "garlic",
    "synonyms": [
      "garlic"
    ]
  },
  {
    "value": "teriyaki",
    "synonyms": [
      "teriyaki"
    ]
  }
]