[
  {
    "id": "9702b96d-45d4-48a9-990a-d52a94fb304d",
    "data": [
      {
        "text": "see you later",
        "userDefined": false
      }
    ],
    "isTemplate": false,
    "count": 0,
    "lang": "en",
    "updated": 0
  },
  {
    "id": "c67833d5-46f2-4487-86a6-db5f8fdccb80",
    "data": [
      {
        "text": "bye bye",
        "userDefined": false
      }
    ],
    "isTemplate": false,
    "count": 0,
    "lang": "en",
    "updated": 0
  },
  {
    "id": "28b12418-5872-4ccc-9465-370d8074e603",
    "data": [
      {
        "text": "see you around",
        "userDefined": false
      }
    ],
    "isTemplate": false,
    "count": 0,
    "lang": "en",
    "updated": 0
  },
  {
    "id": "115c41f2-a3cb-4d7a-af03-091c60baa0cd",
    "data": [
      {
        "text": "have a nice day",
        "userDefined": false
      }
    ],
    "isTemplate": false,
    "count": 0,
    "lang": "en",
    "updated": 0
  },
  {
    "id": "ecfc8065-4225-40c4-a2f0-b34165309d34",
    "data": [
      {
        "text": "goodbye",
        "userDefined": false
      }
    ],
    "isTemplate": false,
    "count": 0,
    "lang": "en",
    "updated": 0
  },
  {
    "id": "e19536a9-3f65-4cff-9382-5f5b3a7df84d",
    "data": [
      {
        "text": "bye",
        "userDefined": false
      }
    ],
    "isTemplate": false,
    "count": 0,
    "lang": "en",
    "updated": 0
  },
  {
    "id": "c56ebb15-4585-4652-ae69-5207467d4f01",
    "data": [
      {
        "text": "good night",
        "userDefined": false
      }
    ],
    "isTemplate": false,
    "count": 0,
    "lang": "en",
    "updated": 0
  },
  {
    "id": "7a453f0e-9134-4313-9260-a068f8bf3743",
    "data": [
      {
        "text": "cee you later",
        "userDefined": false
      }
    ],
    "isTemplate": false,
    "count": 0,
    "lang": "en",
    "updated": 0
  },
  {
    "id": "b3524265-9ff4-4b25-89f0-16820204b3c3",
    "data": [
      {
        "text": "good by",
        "userDefined": false
      }
    ],
    "isTemplate": false,
    "count": 0,
    "lang": "en",
    "updated": 0
  },
  {
    "id": "195732f0-4225-47c9-9718-5ca75399b888",
    "data": [
      {
        "text": "cu",
        "userDefined": false
      }
    ],
    "isTemplate": false,
    "count": 0,
    "lang": "en",
    "updated": 0
  }
]