[
  {
    "id": "d81ea93e-b838-463a-860c-06a9e8fc9373",
    "data": [
      {
        "text": "i would like to order some stuff if you know what i mean",
        "userDefined": false
      }
    ],
    "isTemplate": false,
    "count": 0,
    "lang": "en",
    "updated": 0
  },
  {
    "id": "80c8124f-b2f7-4525-aafb-dd9e4118099e",
    "data": [
      {
        "text": "i want jerky",
        "userDefined": false
      }
    ],
    "isTemplate": false,
    "count": 0,
    "lang": "en",
    "updated": 0
  },
  {
    "id": "d9b6d4ed-5ba6-4528-ac88-fefe66b1f855",
    "data": [
      {
        "text": "can i get some jerky",
        "userDefined": false
      }
    ],
    "isTemplate": false,
    "count": 0,
    "lang": "en",
    "updated": 0
  },
  {
    "id": "d9478c5e-148f-429e-a8b0-d351283e2c6c",
    "data": [
      {
        "text": "let\u0027s see that meat",
        "userDefined": false
      }
    ],
    "isTemplate": false,
    "count": 0,
    "lang": "en",
    "updated": 0
  },
  {
    "id": "ccac44f8-27c8-43bf-90af-3c462299490f",
    "data": [
      {
        "text": "i need to re-up",
        "userDefined": false
      }
    ],
    "isTemplate": false,
    "count": 0,
    "lang": "en",
    "updated": 0
  },
  {
    "id": "633df4e0-7687-43ad-8c59-cd9c4da1846f",
    "data": [
      {
        "text": "let me buy some",
        "userDefined": false
      }
    ],
    "isTemplate": false,
    "count": 0,
    "lang": "en",
    "updated": 0
  },
  {
    "id": "253a8948-1fee-4c73-a8b1-e32fa6ef4198",
    "data": [
      {
        "text": "i want ",
        "userDefined": false
      },
      {
        "text": "order",
        "userDefined": false
      }
    ],
    "isTemplate": false,
    "count": 0,
    "lang": "en",
    "updated": 0
  },
  {
    "id": "d57df1e2-232f-49a1-9cd2-b2a28779cc1d",
    "data": [
      {
        "text": "order now",
        "userDefined": false
      }
    ],
    "isTemplate": false,
    "count": 0,
    "lang": "en",
    "updated": 0
  },
  {
    "id": "d3025ff6-5127-4de4-bb6c-c598103f3e48",
    "data": [
      {
        "text": "jerky please",
        "userDefined": false
      }
    ],
    "isTemplate": false,
    "count": 0,
    "lang": "en",
    "updated": 0
  },
  {
    "id": "83e1beea-8ed3-49e4-b20f-2c47edc882c9",
    "data": [
      {
        "text": "let me get some jerky",
        "userDefined": false
      }
    ],
    "isTemplate": false,
    "count": 0,
    "lang": "en",
    "updated": 0
  },
  {
    "id": "57635249-2d4f-46c5-9160-690dacb821c4",
    "data": [
      {
        "text": "order",
        "userDefined": false
      }
    ],
    "isTemplate": false,
    "count": 0,
    "lang": "en",
    "updated": 0
  },
  {
    "id": "60d76bd9-e993-41ba-83a3-d487fc7e1019",
    "data": [
      {
        "text": "make an order",
        "userDefined": false
      }
    ],
    "isTemplate": false,
    "count": 0,
    "lang": "en",
    "updated": 0
  },
  {
    "id": "8e410714-9dd0-45fa-bc1d-1c9c8b4914df",
    "data": [
      {
        "text": "can i order",
        "userDefined": false
      }
    ],
    "isTemplate": false,
    "count": 0,
    "lang": "en",
    "updated": 0
  },
  {
    "id": "45359a7a-63f4-4520-9003-b962f623e3b2",
    "data": [
      {
        "text": "i\u0027m tryna pick updo you have jerky right now",
        "userDefined": false
      }
    ],
    "isTemplate": false,
    "count": 0,
    "lang": "en",
    "updated": 0
  },
  {
    "id": "7e1ed66f-e306-43c7-ae68-d93c5f3150ec",
    "data": [
      {
        "text": "i\u0027m tryna pick up",
        "userDefined": false
      }
    ],
    "isTemplate": false,
    "count": 0,
    "lang": "en",
    "updated": 0
  },
  {
    "id": "ff57b765-77ca-411a-8fdc-64d89d60abbf",
    "data": [
      {
        "text": "i need jerky",
        "userDefined": false
      }
    ],
    "isTemplate": false,
    "count": 0,
    "lang": "en",
    "updated": 0
  },
  {
    "id": "3fe711c8-c05f-4ff9-bae5-7ac259b30c7a",
    "data": [
      {
        "text": "i want to order 3 bags of ",
        "userDefined": false
      },
      {
        "text": "insane",
        "meta": "@flavor",
        "alias": "flavor",
        "userDefined": false
      },
      {
        "text": " jerky",
        "userDefined": false
      }
    ],
    "isTemplate": false,
    "count": 0,
    "lang": "en",
    "updated": 0
  },
  {
    "id": "728d9b20-e273-48de-af04-b77aff7e9f92",
    "data": [
      {
        "text": "i would like to make an order",
        "userDefined": false
      }
    ],
    "isTemplate": false,
    "count": 0,
    "lang": "en",
    "updated": 0
  }
]