[
  {
    "id": "499f940f-d437-4e90-ab70-76b84e2ccdb3",
    "data": [
      {
        "text": "what",
        "userDefined": false
      }
    ],
    "isTemplate": false,
    "count": 0,
    "lang": "en",
    "updated": 0
  },
  {
    "id": "5285e72f-bf31-4176-a72f-62f1bd896ca0",
    "data": [
      {
        "text": "stop go back",
        "userDefined": false
      }
    ],
    "isTemplate": false,
    "count": 0,
    "lang": "en",
    "updated": 0
  },
  {
    "id": "7b3992c5-a448-433a-bf1b-9dbfdf4684fa",
    "data": [
      {
        "text": "stop",
        "userDefined": false
      }
    ],
    "isTemplate": false,
    "count": 0,
    "lang": "en",
    "updated": 0
  },
  {
    "id": "e29ccf26-47bc-46a3-82e9-e94f1df8762c",
    "data": [
      {
        "text": "nevermind",
        "userDefined": false
      }
    ],
    "isTemplate": false,
    "count": 0,
    "lang": "en",
    "updated": 0
  },
  {
    "id": "7bf1ae05-9275-422d-8f11-1f2ff411f8a6",
    "data": [
      {
        "text": "that\u0027s not what i want",
        "userDefined": false
      }
    ],
    "isTemplate": false,
    "count": 0,
    "lang": "en",
    "updated": 0
  },
  {
    "id": "e0d09b84-8407-47fa-9aa6-037afed3b9ec",
    "data": [
      {
        "text": "you can\u0027t help me",
        "userDefined": false
      }
    ],
    "isTemplate": false,
    "count": 0,
    "lang": "en",
    "updated": 0
  },
  {
    "id": "17920949-c13c-475a-aeae-a22c6a3c819a",
    "data": [
      {
        "text": "not helpful",
        "userDefined": false
      }
    ],
    "isTemplate": false,
    "count": 0,
    "lang": "en",
    "updated": 0
  },
  {
    "id": "41b4e9f1-af58-4dea-95c8-f7aeeea63ecb",
    "data": [
      {
        "text": "ok then you cant help me",
        "userDefined": false
      }
    ],
    "isTemplate": false,
    "count": 0,
    "lang": "en",
    "updated": 0
  }
]